tytuł,autor/wydawnictwo,kategoria,magazyn
Jak pomóc dziecku ze skrajną wybiórczością pokarmową?,pestka i odgryzek ,książki,książki
"Widzę, słyszę, czuję...",Harmonia,książki,książki
Terapia ręki w teorii integracjii sensorycznej,Zbigniew Przyrowski ,książki,książki
Rozwojowe zaburzenia koordynacji ruchowej ,engram,książki,książki
Niedojrzałość neuromotoryczna dzieci i dorosłych ,PWN,książki,książki
Jak ocenić dojrzałość dziecka do nauki?,PWN,książki,książki
"Odruchy, uczenie się i zachowanie",PWN,książki,książki
Zjedz coś ,Harmonia,książki,książki
Terapia poznawczo-behawioralna i zaburzenia odżywiania,Wydawnictwo Uniwersytetu Jagielońskiego,książki,książki
Mózgowe porażenie dziecięce Studium przypadku ,Małgorzata Hryniewicz,książki,książki
Ćwiczenia korekcyjne-terapeutyczne dla dzieci i z wykorzystaniem nietypowych przyborów,engram,książki,książki
Smart Hand Model ,Harmonia,książki,książki
Terapia ręki w praktyce,Aneta Giczewska ,książki,książki
Terapia ręki ,aCentrum,książki,książki
Bazgroły ,Delta,książki,książki
150 Zabaw ruchowych ,Harmonia,książki,książki
Integracja sensoryczna Odpowiedzi na pytania,Harmonia,książki,książki
Anatomia Fielda,edra,książki,książki
Masaż leczniczy ,edra,książki,książki
Mięśniowe-powięziowe punkty spustkowe,edra,książki,książki
Uważność i spokój ,Eline Snel,książki,książki
Daj przestrzeń ... i bądź blisko ,Eline Snel,książki,książki
Zabawy odprężające ,Jedność ,książki,książki
Integracja sensoryczna ,Zbigniew Przyrowski ,książki,książki
Pokonać dyspraksję,Harmonia,książki,książki
Pierwsze zabawy z integracji sensorycznej dla maluchów,Harmonia,książki,książki
Dieta Sensoryczna ,Forum,książki,książki
fenomen dotyku ,Aneta Giczewska,książki,książki
Integracja sensoryczna na co dzień ,PZWL,książki,książki
Interwencje-sensoryczne-motoryczne,Harmonia,książki,książki
Wysoko wrażliwe dziecko ,GWP,książki,książki
Efektywność Terapii integracji sensorycznej ,Jacek Szmalec,książki,książki
Kliniczna obserwacja,EMPIS,książki,książki
Zabawy z niemowlakami na każdy dzień,Jackie Silberg,książki,książki
Joga dla dzieci ,Joanna Jakubik,książki,książki
Kinesiołaping w pediatrii ,PWN,książki,książki
Zabawy i gry ruchowe aktywujące mięśnie tułowia ,engram,książki,książki
Nie-zgrane dziecko ,Harmonia,książki,książki
Nie-zgranie dziecko dorasta,Harmonia,książki,książki
Metody-Vojty ,PZWL,książki,książki
Metoda NDT-Bobath ,PZWL,książki,książki
Trenuj mózg poprzez ruch ,Zbigniew Przyrowski ,książki,książki
Zintegrowane dziecko ,rebis,książki,książki
Kinesiotaping ,PZWL,książki,książki
Zmyślne ruchy ,medyk ,książki,książki
Integracja sensoryczna ,Wydawnictwo Uniwersytetu Jagielońskiego,książki,książki
Wady postawy i stóp u dzieci ,PZWL,książki,książki
Sensorycznie wszystko gra!,Harmonia,książki,książki
Uczę się poprzez ruch,Harmonia,książki,książki
Metoda integracji sensorycznej ,Harmonia,książki,książki
Wyrok i słuch ,Harmonia,książki,książki
"101 ćwiczeń, gier i zabaw ",Harmonia,książki,książki
Gry i zabawy we wczesnej interwencji ,Harmonia,książki,książki
Nie-zgrane dziecko ,Harmonia,książki,książki
Atlas ,KORSO 2016,książki,książki
Terapia integracji sensorycznej ,Harmonia,książki,książki
Terapia integracji sensorycznej zeszyt 2,Harmonia,książki,książki
Dysfunkcja integracji sensorycznej ,Harmonia,książki,książki
Dziecko w równowadze ,Renata Borowiecka,książki,książki
Moje dziecko nie chce jeść,mamania,książki,książki
Zaburzenia odzywiania u dzieci i mlodziezy ,MANDO,książki,książki
Strategie sensoryczne w jedzeniu i mówieniu ,Harmonia Universalis,książki,książki
Dzieci z zaburzeniami integracji sensorycznej ,Liber,książki,książki
Jak pokonać zaburzenia odżywiania u dzieci ,sensus,książki,książki
Trening twórczego myślenia ,Danuta Klimkiewicz ,książki,książki
Rozwój mowy i języka Ćwiczenia i karty pracy ,Forum,książki,książki
Koordynacja wzrokowo-ruchowa,Forum,książki,książki
ADHD i nieśmiałość ,Forum,książki,książki
Grafomotoryka ,Forum,książki,książki
Orientacja przestrzenna ,RAABE,książki,książki
Orientacja przestrzenna Ćwiczenia i karty pracy ,RAABE,książki,książki
Matematyka Ćwiczenia i karty pracy ,Forum ,książki,książki
Odczuwam! Patrzę! Działam!,JEDNOŚĆ,książki,książki
Odczuwam! Patrzę! Działam! Zeszyt 2,JEDNOŚĆ,książki,książki
Odczuwam! Patrzę! Działam! Zeszyt 3,JEDNOŚĆ,książki,książki
Wzory i obrazki ,Marianne Frostig ,książki,książki
Wzory i obrazki Poziom podstawowy ,Marianne Frostig ,książki,książki
Wzory i obrazki Poziom średni ,Marianne Frostig ,książki,książki
Wzory i obrazki Poziom wyższy podręcznik ,Marianne Frostig ,książki,książki
Wzory i obrazki Poziom średni podręcznik ,Marianne Frostig ,książki,książki
Wzory i obrazki Poziom podstawowy,Marianne Frostig ,książki,książki
Ćwiczenia sprawności komunikacyjnych ,Jolanta Paniasiuk,książki,książki
Neurologopedyczna studia przypadków,Zbiór pod redakcją Elżbiety Stecko ,książki,książki
W świecie logopedii ,Wydawnictwo Uniwersytetu Śląskiego,książki,książki
Jąkanie to nie wyrok ,impuls,książki,książki
Odbieranie i wyrażanie mowy ,Dr Antoni Balejko,książki,książki
Odbieranie i wyrażanie mowy w trzecim roku życia,Dr Antoni Balejko,książki,książki
Wyrównywanie szans edukacyjnych ,Dr Antoni Balejko,książki,książki
Śmieszne minki dla chłopczyka i dziewczynki ,Iwona Michalak,książki,książki
Test do badania rozumienia mowy u dzieci i dorosłych ,GWP,książki,książki
Kto posłucha ten usłyszy ,Harmonia ,książki,książki
Wszystko słyszę!,Harmonia ,książki,książki
"Kto słucha, nie błądzi",Harmonia ,książki,książki
Posłuchaj pokaż odpowiedzi ,Harmonia ,książki,książki
Rozgrywki i zadania do głowy łamania ,Harmonia ,książki,książki
Rozgrywki i zadania do głowy łamania część 1,Harmonia ,książki,książki
"Rozgrywki i zadania do głowy łamania część 1 sz, ż, cz, dż",Harmonia ,książki,książki
Percepcja słuchowa,PWN,książki,książki
Percepcja słuchowa karty pracy,PWN,książki,książki
Ja i moja rodzina,PWN,książki,książki
"Myślę, mówię, odpowiadam",Harmonia,książki,książki
Ćwiczenia sprawności komunikacyjnych część 3,Wydawnictwo edukacyjne,książki,książki
Ćwiczenia sprawności komunikacyjnych część 4,Wydawnictwo edukacyjne,książki,książki
Ćwiczenia sprawności komunikacyjnych część 5,Wydawnictwo edukacyjne,książki,książki
Ćwiczenia sprawności komunikacyjnych część 6,Wydawnictwo edukacyjne,książki,książki
Dymensjonalna diagnoza rozwoju dziecka,Centrum Metody Krakowskiej,książki,książki
Diagnoza i wspomaganie rozwoju psychoruchowego ,Karolina Skarbek,książki,książki
Neurologopedyczne studia przypadków tom 5,Zbiór pod redakcją Elżbiety Stecko ,książki,książki
Gdy mówię poprawnie?,Harmonia,książki,książki
ALFA-SKALA Jak badać mowę dziecka afatycznego?,impuls,książki,książki
Trening umiejętności społecznych dzieci i młodzieży,Harmonia,książki,książki
Kompletny program terapii SAZ,Harmonia,książki,książki
Jak kształtować umiejętności społeczne ,Fraszka edukacyjna ,książki,książki
Terapia poznawczo-behawioralna,Harmonia,książki,książki
Nauczanie podstaw teorii umysłu ,Harmonia,książki,książki
Nauczanie teorii umysłu ,Harmonia,książki,książki
Trening umiejętności emocjonalnych i społecznych dzieci ,engram,książki,książki
moje dziecko z autyzmem ,MANDO,książki,książki
Poradnik dla rodziców Jak sobie poradzić z napadami złości ,Fraszka edukacyjna ,książki,książki
Rozwój dziecka z autyzmem  ,Gdańskie wydawnictwo Psychologiczne ,książki,książki
Zachowania autoagresywne w autyzmie,Harmonia,książki,książki
Autyzm.. Co dla mnie znaczy?,Wydawnictwo Uniwersytetu Jagielońskiego,książki,książki
Wskazówki społeczne dla dzieci ze spektrum zaburzeń autystycznych,Fraszka edukacyjna ,książki,książki
Efektywna komunikacja z osobami spektrum autyzmu ,Harmonia,książki,książki
Autyzm i problemy ,Temple Grandin ,książki,książki
Logistyka Autyzmu ,Kate Wilde ,książki,książki
Startujemy z rozwojem mowy w autyzmie!,Harmonia,książki,książki
Spektrum autyzmu i strategie deeskalacji ,Harmonia,książki,książki
Dziecko z autyzmem ,Barbara Winczura,książki,książki
Autyzm dziecięcy zagadnienia diagnozy i terapii,impuls,książki,książki
Wokół autyzmu ,WSIP,książki,książki
"Korzyści dla dzieci z autyzmem, wynikające analizy ",Fraszka edukacyjna ,książki,książki
Codzienność dziecka z zespołem Aspergera,Harmonia,książki,książki
Umiejętności społeczne Trening dla dzieci ,Harmonia,książki,książki
Umiejętności społeczne twojego Dziecka,socialsklz,książki,książki
"Nieśmiali, skryci i społecznie niedopasowani ",Wydawnictwo Uniwersytetu Jagielońskiego,książki,książki
Autyzm na co dzień,Wydawnictwo Uniwersytetu Jagielońskiego,książki,książki
Wchowując dziecko z autyzmem ,Wydawnictwo Uniwersytetu Jagielońskiego,książki,książki
Metoda wczesnego startu dla dziecka z autyzmem ,Wydawnictwo Uniwersytetu Jagielońskiego,książki,książki
1001 porad dla rodziców i terapeutów dzieci z autyzmem ,Wydawnictwo Uniwersytetu Jagielońskiego,książki,książki
Moje dziecko ma autyzm ,Wydawnictwo Uniwersytetu Jagielońskiego,książki,książki
Skuteczna terapia dziecka z autyzmem ,Anna Budzińska,książki,książki
Autyzm przełom w podejściu ,vivante,książki,książki
Wysokofunkcjonujące dzieci ze spektrem autyzmu ,Wydawnictwo Uniwersytetu Jagielońskiego,książki,książki
Metoda zachowań werbalnych ,Mary Lynch Barbera,książki,książki
Empatia 48 ćwiczeń ,Hiedi France,książki,książki
Ja i moje ADHD,Gdańskie wydawnictwo Psychologiczne ,książki,książki
Masturbacja dziecięca,PWN,książki,książki
Zaburzenia obsesyjno-kompulsyjne,Wydawnictwo Uniwersytetu Jagielońskiego,książki,książki
Czy moje dziecko ma autyzm?,Harmonia,książki,książki
Motywuj do komunikajci!,Harmonia,książki,książki
Dotrzeć do dziecka z autyzmem!,Wydawnictwo Uniwersytetu Jagielońskiego,książki,książki
"Zdolne, ale rozkojarzone",Wydawnictwo Uniwersytetu Jagielońskiego,książki,książki
Nareszcie skoncentrowani ,Wydawnictwo Uniwersytetu Jagielońskiego,książki,książki
ADHD Podjąć wyzwanie,Wydawnictwo Uniwersytetu Jagielońskiego,książki,książki
Dzieci nadpobudliwe psychoruchowo w wieku przedszkolnym,impuls,książki,książki
Poznajemy uczucia ,Harmonia,książki,książki
Motywacja i wzmacnianie,scolaris ,książki,książki
Dziecko nadpobudliwe w szkole ,Fraszka edukacyjna ,książki,książki
ADHD zespół nadpobudliwości psychoruchowej ,Gdańskie wydawnictwo Psychologiczne ,książki,książki
Jak pracować z dzieckiem z ADHD ,Harmonia,książki,książki
Dlaczego piątkowi uczniowe pracują dla trójkowych ,Robert T. Kiyosaki,książki,książki
Jak się uczyć ,rebis,książki,książki
Gdy dziecko nie może się skupić ,HACHETTE,książki,książki
Dzieci z zaburzeniami łączonymi ,Martin L. Kutscher,książki,książki
Terapia zaburzenia obsesyjno-kompulsyjnego dzieci i młodzieży 8-17 lat,GWP,książki,książki
Terapia zaburzenia obsesyjno-kompulsyjnego dzieci i młodzieży 8-17 lat Podręcznik terapeuty ,GWP,książki,książki
Terapia zaburzenia obsesyjno-kompulsyjnego małego dziecka 5-8 lat Podręcznik terapeuty ,GWP,książki,książki
Terapia zaburzenia obsesyjno-kompulsyjnego małego dziecka 5-8 lat Podręcznik pacjenta,GWP,książki,książki
Zaburzenia obsesyjno-kompulsujne,Wydawnictwo Uniwersytetu Jagielońskiego,książki,książki
Trudne emocje u dzieci ,samo sedno ,książki,książki
Epidemia egoizmu ,samo sedno ,książki,książki
"Dzieci z zaburzeniami zachowania, emocji i mowy",Harmonia,książki,książki
Zaburzenia u dzieci i młodzieży ,Michael Schulte-Makwort,książki,książki
Twoje życie  Twoja sprawa,Nora Grochowska,książki,książki
Nauka korzystania z toalety ,Harmonia,książki,książki
"Komunikuję, co myślę i czuję 7-14 lat",WIR,książki,książki
Profilaktyka i korygowanie płaskostopia ,Harmonia,książki,książki
Neurologia dziecięca w przypadkach klinicznych ,PZWL,książki,książki
Uwięzieni w słowach rodziców ,Agnieszka Kozak,książki,książki
Naucz mnie jak radzić sobie z emocjami i kominikować się ,sensus ,książki,książki
Ćwiczenia Książeczka dla nieustraszonych wojewników Na pokonanie lęku,LINGEA,książki,książki
Ćwiczenia Zachowaj dobry humor na co dzień Na pogodę ducha,LINGEA,książki,książki
Odmień swoje dziecko do piątku ,Kevin Leman,książki,książki
"Jak mówić, żeby maluchy nas słuchały 2-7 lat",Media Rodzina,książki,książki
Jak mówić gdy dzieci nie słuchają,Media Rodzina,książki,książki
Sposób na trudne dziecko ,GWP,książki,książki
Jak radzić sobie ze złością i kaprysami ,JEDNOŚĆ,książki,książki
Tomcio Rozwiązuje problemy złość i agresja ,Harmonia,książki,książki
Techniki socjoterapeutyczne w pracy z dzieckiem agresywnym,Wydawnictwo Uniwersytetu Łódzkiego,książki,książki
Najpierw wytresuj kurczaka,Media rodzina,książki,książki
Saper,Renata Knez,książki,książki
Jak ograniczyć napady złości u dziecka i zyskać spokój w rodzinie,Carla Naumburg,książki,książki
Mój złośnik ,engram,książki,książki
Pomóc dzieciom w radzeniu sobie z gniewem ,Fraszka edukacyjna ,książki,książki
Porozumienie bez przemocy ,Czarna owca ,książki,książki
Porozumienie bez przemocy Wydanie 3 rozszerzone,Czarna owca ,książki,książki
100 pomysłów jak lepiej radzić sobie z ADHD,Harmonia,gry,gry
Złość i smok Lubomit,Gdańskie wydawnictwo Psychologiczne ,książki,książki
Karty Pracy Sposoby na złość ,Heim,książki,książki
"Co robić, gdy się złościsz Techniki zarządzania ze złością",Dr Dawn Huebner,książki,książki
Sposoby na trudne zachowania uczniów,Forum,książki,książki
Złość i agresja u dzieci ,GWP,książki,książki
Trening umiejętności wychowawczych ,GWP,książki,książki
NIegrzeczne dzieci 9 kroków do posłuszeństwa,GWP,książki,książki
Nastolatki ,Robert J. Mackenzie,książki,książki
Przemoc Podręcznik Przetrwania,mamania,książki,książki
Agresja dzieci i młodzieży ,KIELCE,książki,książki
Moje dziecko doprowadza mnie do szału ,Isabelle Filliozat,książki,książki
Nie ma rodziców doskonałych ,Isabelle Filliozat,książki,książki
Próbowałam już wszystkiego ,Isabelle Filliozat,książki,książki
"Emocje, charaktery, i... geny",Katarzyna Niemczycka,książki,książki
Dziecko czy muszę ci to jeszcze raz powtarzać?,Laurum,książki,książki
"Jak mówić do nastolatków, aby nas słuchały",Media Rodzina,książki,książki
"Jak mówić, żeby dzieci nas słuchały Wydanie poszerzone",Media Rodzina,książki,książki
Rodzeństwo bez rywalizacji ,Media Rodzina,książki,książki
Naprawa zachowania ,Fraszka edukacyjna ,książki,książki
Trudne dziecko ,rebis,książki,książki
Akademia wychowania,Michał Kędzierski ,książki,książki
Terapia dzieci impulsywnych ,Wydawnictwo Uniwersytetu Jagielońskiego,książki,książki
Trening zastępowania agresjii ,Barry Glick ,książki,książki
Kształtowanie umiejętności małego dziecka ,Instytut Amity ,książki,książki
Jak być rodzicom trudnego ucznia,Fraszka edukacyjna ,książki,książki
Trening umiejętności dla dzieci z zachowaniami problemowymi,Wydawnictwo Uniwersytetu Jagielońskiego,książki,książki
Zbuntowane dzieci ,Wydawnictwo Uniwersytetu Jagielońskiego,książki,książki
Temperament w pierwszym roku życia ,SCHOLAR,książki,książki
"Mamo, chcę kupę!",Jamie Glowacki ,książki,książki
101 Porad rodzicielskich część 2,Mariola Kurczyńska,książki,książki
101 Porad rodzicielskich część 1,Mariola Kurczyńska,książki,książki
Dobra relacja skrzynka z narzędziami dla współczesnej rodziny,mamania,książki,książki
Burza w mózgu nastolatka Potencjał okresku dorastania,Daniel J. Siegel,książki,książki
NIE z miłości ,Jasper Juul,książki,książki
Wychowujemy nastolatka Czyli jak być mądrym i kochającym rodzicem,samo sedno ,książki,książki
Mózg nastolatka,LEK. MED. Frances E. Jensen z Amy Ellis Nutt,książki,książki
Odmień nastolatka w pięć dni,Kevin Leman,książki,książki
Dlaczego zebry nie mają wrzodów? ,PWN,książki,książki
Prewencja ryzyka samobójstw wśród dzieci i młodzieży,Difin,książki,książki
"Nie wierz we wszystko, co czujesz",rebis,książki,książki
Pomoc rodzinom z trudnymi dziećmi ,Fraszka edukacyjna ,książki,książki
"Rodzicu, można inaczej",Joanna Hudy ,książki,książki
Jak być dobrym rodzicem ,Justyna Korzeniowska ,książki,książki
Spokojna głowa!,David Keebe,książki,książki
Nastolatki na krawędzi ,Krystyna Romanowska,książki,książki
Psychologia w szkole ,SWPS,książki,książki
"Dziecko, którego rozwój emocjonalny-poznawczy nie przekracza pierwszego roku życia",Maria Piszczek ,książki,książki
Spójrz inaczej,Andrzej Kołodziejczyk ,książki,książki
Scenariusze godzin wychowawczych ,Harmonia,książki,książki
Dziecko ryzyka A wychowanie ,impuls,książki,książki
Dziecko z trudnościami w rozwoju ,impuls,książki,książki
Samo regolacja w szkole ,mamania,książki,książki
Self-Regulation,Agnieszka Stążka,książki,książki
"Wyobraź sobie, że...",WSIP,książki,książki
Opracowanie przypadku w terapii dzieci i młodzieży ,Wydawnictwo Uniwersytetu Jagielońskiego,książki,książki
Jak dzieci uczą się i myślą,David Wood,książki,książki
"Jak sobie radzić z rodzicami, którzy są źli, zmęczeni, bezradni albo po prostu stuknięci ",WSIP,książki,książki
Jak rozmawiać z dziećmi o sytuacjach szkolnych i relacjach rówieśniczych,WIR,książki,książki
Czy moje dziecko jest zdolne?,KIELCE,książki,książki
Terapia poznawcza depresji oparta na uważności ,Wydawnictwo Uniwersytetu Jagielońskiego,książki,książki
Terapia Samouszkodzeń ,Wydawnictwo Uniwersytetu Jagielońskiego,książki,książki
SELF REG,Dr Stuart Shanker,książki,książki
Radość życia czyli jak zwyciężyć depresję,David D. Burns,książki,książki
Twarze depresji ,Świat Książki ,książki,książki
Jak dlaczego kiedy rozmawiać z młodymi zagrożonymi samobójstwem ,Claudie Fox,książki,książki
Psychologopedia,zwierciadło,książki,książki
Zatrzymać samobójstwo ,Tytus Koweszko ,książki,książki
Depresja i samobójstwa dzieci i młodzieży ,Joanna Chatizow,książki,książki
Samookaleczenia nastolatków,GWP,książki,książki
Depresja,engram,książki,książki
Optymizmu można się nauczyć ,Martin E. P. Seligman,książki,książki
Terapia poznawczo-behawioralna zaburzeń lękowych u młodzieży Zeszyt ćwiczeń,GWP,książki,książki
Terapia poznawczo-behawioralna zaburzeń lękowych u młodzieży Podręcznik terapeuty ,GWP,książki,książki
Terapia poznawczo-behawioralna zaburzeń lękowych u dzieci Podręcznik terapeuty ,GWP,książki,książki
Terapia poznawczo-behawioralna zaburzeń lękowych u dzieci Zeszyt ćwiczeń ,GWP,książki,książki
"Kto straszy, Albercie?",ZAKAMARKI,książki,książki
Ponad lękiem ,GWP,książki,książki
Jesteś kimś więcej niż myślisz - dla nastolatków,GWP,książki,książki
Szczęśliwy mózg ,Rick Hanson,książki,książki
Przeprogramuj swój mózg ,GWP,książki,książki
Lęk i zamartwianie się u nastolatków Poradnik z ćwiczeniami,Wydawnictwo Uniwersytetu Jagielońskiego,książki,książki
Lęki u dzieci ,Wydawnictwo Uniwersytetu Jagielońskiego,książki,książki
Wytrenuj swój mózg ,Wydawnictwo Uniwersytetu Jagielońskiego,książki,książki
Bufory stresu ,Wydawnictwo edukacyjne,książki,książki
A może nie ma czego się bać?,Leszek Mellibruda,książki,książki
Nie stracj się bać,mamania,książki,książki
Dorastanie bez lęku ,GWP,książki,książki
W pułapce myśli ,GWP,książki,książki
Jak pomóc dziecku które się boi ,Cynthia G. Last,książki,książki
"Co robić, gdy się martwisz",Dr Dawn Huebner,książki,książki
"Czujesz tak, jak myślisz",Paul Stallard,książki,książki
Zaburzenia lękowe ,Wydawnictwo Uniwersytetu Jagielońskiego,książki,książki
Intensywna krótkoterminowa psychoterapia dynamiczna dla praktyków,Harmonia,książki,książki
Psychologia kliniczna dzieci i młodzieży ,PWN,książki,książki
Depresjologia,Agata Komorowska,książki,książki
Optymizm,Agata Komorowska,książki,książki
Neuronauka ,Wydawnictwo Uniwersytetu Jagielońskiego,książki,książki
Pozytywne interwencje psychologiczne ,Łukasz D. Kaczmarek,książki,książki
Emocjonalne dziedzictwo,Czarna owca ,książki,książki
Dialog motywujący ,Wydawnictwo Uniwersytetu Jagielońskiego,książki,książki
Systemowego rozumienia rodziny ,Wydawnictwo Uniwersytetu Jagielońskiego,książki,książki
Vademecum Psychoterapeuty ,PZWL,książki,książki
Niezwykła terapia,GWP,książki,książki
Poznawanie pacjenta w psychoterapii ericksonowskiej,Krzysztof Klajs,książki,książki
Podstawy terapii traumy ,Wydawnictwo Uniwersytetu Jagielońskiego,książki,książki
Niewerbalna komunikacja interpersonalna,engram,książki,książki
Życie po traumie,zwierciadło,książki,książki
Rozwój psychiczny dziecka od 0 do 10 lat,GWP,książki,książki
Psychopatologia,Scholar,książki,książki
Zaburzenia zachowania u dzieci ,GWP,książki,książki
Intensywna krótkoterminowa psychoterapia dynamiczna,Harmonia,książki,książki
Psychoterapia poznawczo-behawioralna dzieci i młodzieży ,GWP,książki,książki
Metody w psychoterapii dzieci i młodzieży oparte na dowodach,Wydawnictwo Uniwersytetu Jagielońskiego,książki,książki
Diagnozowanie rozwoju u małego dziecka ,engram,książki,książki
Diagnozowanie rozwoju u małego dziecka  część 2,engram,książki,książki
DSM-5 Bez tajemnic ,Wydawnictwo Uniwersytetu Jagielońskiego,książki,książki
Psychiatra dzieci i młodzieży ,PZWL,książki,książki
Zaburzenia osobowości ,Instytut psychologii zdrowia,książki,książki
Psychologia rodziny ,PWN,książki,książki
Neurologia wieku rozwojowego ,PZWL,książki,książki
Psychologia rozwoju człowieka ,PWN,książki,książki
Psychologia zaburzeń,GWP,książki,książki
Atlas Neuroanatomii i neurofizjologii nettera,Andrzej Szczudlik ,książki,książki
Psychologia Społeczna serce i umysł ,Eliot Aronson ,książki,książki
Psychologia i życie ,PWN,książki,książki
Mutyzm wybiorczy ,Maggie Johnson ,książki,książki
Mutyzm wybiorczy ,impuls ,książki,książki
Mutyzm wybiorczy  Poradnik dla rodziców ,impuls ,książki,książki
Mutyzm wybiorczy  Poradnik dla rodziców ,engram,książki,książki
Metoda Krakowska wobec zaburzeń rozwoju dzieci ,Jagoda Cieszyńska-Rożek,książki,książki
Wczesna diagnoza i terapia zaburzeń autystycznych,Jagoda Cieszyńska,książki,książki
Wczesna interwencja terapeutyczna,Jagoda Cieszyńska,książki,książki
Kruche życie,SINE QUA NON,książki,książki
Nowe podejście w diagnozie i terapii logopedycznej - metoda krakowska,Wydawnictwo Naukowe Uniwersytetu Pedagogicznego Kraków,książki,książki
Kocham uczyć czytać ,Jagoda Cieszyńska,książki,książki
Poradnik terapii ustno-twarzowej,Wydawnictwo Ergo-Sum 2015,książki,książki
Odruchy oralne u noworodków i niemowląt ,Mira Rządzka,książki,książki
Logopedia małego dziecka,Elżbieta Stecko ,książki,książki
Masaż logopedyczny,Elżbieta Stecko ,książki,książki
Masaż i inne techniki manualne ,Ewa Bartelmus,książki,książki
Rozwój mowy dziecka w świetle integracji sensorycznej ,Swietłana Masgutowa,książki,książki
Krótkie widzidełka języka,GooGoo,książki,książki
Sprawdź czy jest gotowe do jedzenia,GooGoo,książki,książki
Karmienie piersią. Karmienie butelką,GooGoo,książki,książki
Wędzidełko języka i wargi ,Patrycja Wyrębkiewicz-Łuba,książki,książki
Gryzaki w profilaktyce i terapii logopedycznej,Marzena Machoś,książki,książki
Wybrane techniki manualne wspomagające terapię ustno-twarzową,Anna Regner,książki,książki
Pozycjonowanie w terapii logopedycznej,Magdalena Czajkowska,książki,książki
Krótkie widzidełka języka u noworodków i niemowląt ,GooGoo,książki,książki
Oswajam,Marzena Machoś,książki,książki
Zaburzenia rozwoju mowy u dzieci z porodów przedwczesnych,Harmonia,książki,książki
Manipulacje Czaszkowe Wydanie drugie,Leon Chaitow,książki,książki
"To, co musimy utracić ",zwierciadło,książki,książki
"Emocjonalne dziedzictwo Terapeutka, Pacjenci i Spuścizna traumy",Czarna owca ,książki,książki
Nie gryzę Nie biję Nie krzyczę,Bo Hejlskov Elven,książki,książki
Etyka zawodu psychologa ,Jerzy Brzeziński,książki,książki
Strefa słuchu Ćwiczenia uwagi i pamięci słuchowej,Harmonia,książki,książki
Terapia ustno-twarzowa według koncepcji ,Forum,książki,książki
Nowe spojrzenie na wędzidełko języka,Donata Oziemczuk,książki,książki
Terapia miofunkcjonalna,Anita M. Kittel,książki,książki
Bloki ćwiczeń Terapia miofunkcjonalna,Anita M. Kittel,książki,książki
Mój profil dominacji,Harmonia,książki,książki
Rozwój dziecka 46 największych mitów,PWN,książki,książki
Mózg 41 największych mitów,PWN,książki,książki
Psychopedagogiczne mity ,Tomasz Garstka,książki,książki
Psychoefekty,Kamil Zieliński,książki,książki
Psychobzdury,Dr Stephen Briers,książki,książki
Atomowe nawyki ,James Clear,książki,książki
Kiedy ciało mówi nie,Czarna owca ,książki,książki
Zalękniony mózg ,Wydawnictwo Uniwersytetu Jagielońskiego,książki,książki
Odetnij napięcie,Wydawnictwo Uniwersytetu Jagielońskiego,książki,książki
Terapeutyczna moc nerwu błędnego ,Wydawnictwo Uniwersytetu Jagielońskiego,książki,książki
Zakazana psychologia,Tomasz Witkowski,książki,książki
"Niecodzienne dzieci, niecodzienne rodzice",impuls,książki,książki
Zakazana psychologia tom 1,Tomasz Witkowski,książki,książki
Młody bóg z pętlą na szyi Część 3,Anka Mrówczyńska,książki,książki
Młody bóg z pętlą na szyi Część 2,Anka Mrówczyńska,książki,książki
Młody bóg z pętlą na szyi Część 1,Anka Mrówczyńska,książki,książki
Zakazana psychologia tom 2,Tomasz Witkowski,książki,książki
Uzależnienie medialne,Agnieszka Ogonowska,książki,książki
Uzależnieniony mózg ,GWP,książki,książki
Patologia cyfrowego dzieciństwa i młodości,engram,książki,książki
Psychologia wokół nas,engram,książki,książki
Po co są ojcowie?,Judith Trowell,książki,książki
Sekretne życie mózgu nastolatka,mamania,książki,książki
Neuroafektywna książka obrazkowa,Marianne Bentzen,książki,książki
Pomóż dziecku przetrwać rozwód,Lisa Rene Reynolds,książki,książki
Dziecko a rozwód,engram,książki,książki
Wcześniaki,Harmonia,książki,książki
Jak rozpocząć pracę terapeutyczną z małym dzieckiem?,impuls,książki,książki
Elementarz dla rodziców 6-latka,Karolina i Tomasz Elbanowscy,książki,książki
Sprawdzian rozwoju,Harmonia,książki,książki
Choroba idzie ze mną,Anna Kiedrzynek,książki,książki
Znikając,Anna J. Dudek,książki,książki
Wybrane schorzenia rzadkie,Difin,książki,książki
Wspomaganie rozwoju dziecka z niepełnosprawnością intelektualną,impuls,książki,książki
Rozwój dziecka 46 największych mitów,PWN,książki,książki
Psychowzroczność,mamania,książki,książki
Koniec wybuchów i złości ,Harmonia,książki,książki
Trudne diagnozy psychiatryczne,PZWL,książki,książki
Achtung baby,mamania,książki,książki
Pory roku gry i zabawy ,Katarzyna Trojańska,książki,książki
Czy mój facej jest bez serca?,Rudy Simone,książki,książki
Jego wysokość dziecko,engram,książki,książki
Zaburzenia osobowości Czy muszę coś o nich wiedzieć?,Monika Talarowska,książki,książki
Mózg się myli!,Heening Beck,książki,książki
Jak otworzyłem mózg,Rahul Jandial,książki,książki
Zachowania autoagresywne w autyzmie Przyczyny i postępowanie,Harmonia,książki,książki
Zdrowe koktajle ,Ewa Chodakowska,książki,książki
Dainiken,Wydawnictwo PROKOP,książki,książki
Psychologia społeczna,Stanisław Mika,książki,książki
Psychologia kliniczna,Andrzej Lewicki,książki,książki
Ja i moje uczucia,Harmonia,książki,książki
Dialog motywujący Jak pomóc ludziom w zmianie,Wydawnictwo Uniwersytetu Jagielońskiego,książki,książki
Transdiagnostyczna terapia zaburzeń emocjonalnych dzieci,GWP,książki,książki
Transdiagnostyczna terapia zaburzeń emocjonalnych młodzieży,GWP,książki,książki
Przedszkolak w potrzebie,Obudź dziecko w Dziecku,książki,książki
Zabawy na start,Obudź dziecko w Dziecku,książki,książki
Mężczyzna który pomylił swoją żonę z kapeluszem,Oliver Sacks,książki,książki
Psychomanipulacje,Tomasz Witkowski,książki,książki
Nie zaczęło się od ciebie,Czarna owca ,książki,książki
"Dzień, w którym umilkły głosy",Replika,książki,książki
Język na uwięzi,impuls,książki,książki
Dysfunkcje czaszkowo-żuchwowe,PZWL,książki,książki
Kreowanie nowej świadomości,Ernest Lawrence Rossi,książki,książki
Joga Fitness,Anna Trokes,książki,książki
DNA moczanowa wydanie drugie,Lek. Konrad Kokurewicz,książki,książki
Pułapki myślenia,Media Rodzina,książki,książki
Mężczyzna i chłopiec,Tony Parsons,książki,książki
Asperger Życie w dwóch światach,GWP,książki,książki
Jak rozmawiać z furiatami,zwierciadło,książki,książki
Choroba sieroca,Harmonia,książki,książki
"Postawa ciała, jej wady i korekcja",Jerzy Kołodziej,książki,książki
Jestem DDA,MANDO,książki,książki
"Dzień dobry, potworku ",Gatherine Gildiner,książki,książki
Umysł samobójcy,Ulek Cztery,książki,książki
Tajemnice pielęgniarek Prawda i uprzedzenie,Marianna Fijewska,książki,książki
Jak lepiej myśleć,Feeria,książki,książki
Wielki ogarniacz życia we 2,Pan Buk,książki,książki
Świąteczny dyżur,Adam Kay,książki,książki
Niewyjaśnione okoliczności ,Dr Richard Shephen,książki,książki
Będzie bolało,Adam Kay,książki,książki
Rzeka świadomości ,Oliver Sacks,książki,książki
Stale w ruchu ,Oliver Sacks,książki,książki
Cejrowski Biografia,Grzegorz Brzozowicz,książki,książki
"To, co ujrzała zmieniło wszystko",Abby Johnson,książki,książki
Sztuka keto,LUNA,książki,książki
Zjadacz czerni,Katarzyna Grochola,książki,książki
Spojrzenie w otchłań ,Anthony David,książki,książki
"Niegrzeczne Historie dzieci z ADHD, autyzmem i zespołem aspergera",Jacek Hołub,książki,książki
Szukając diagnozy,Dr Med. Lisa Sandres,książki,książki
Wyspa daltonistów i wyspa sagowców,Oliver Sacks,książki,książki
Pomyleni,PWN,książki,książki
Zaburzony umysł,Eric R. Kandel,książki,książki
Najciekawsze przypadki w psychologii,Wydawnictwo Uniwersytetu Jagielońskiego,książki,książki
Burze w mózgu ,Suzanne O'Sullivan,książki,książki
Zaginięcie ,Remigiusz Mróz,książki,książki
Stukostrachy,Stephen King,książki,książki
Zapisane w wodzie,Świat Książki ,książki,książki
W czepku urodzone,Weronika Nawara,książki,książki
Surogatka,Sara Connell,książki,książki
Patolodzy,Paulina Łopatniuk,książki,książki
Zawód położna,Leah Hazard,książki,książki
Diagnoza i terapia,KOMLOGO,gry,gry
Strefa słuchu Ćwiczenia uwagi i pamięci słuchowej,Harmonia,gry,gry
Porozmawiajmy o... ROZWODZIE,Heim,gry,gry
Karty wewnętrznego rozpoznania,Chuck Spezzano,gry,gry
Karty Aktywności Nastolatków,Magdalena Wegner-Jezierska,gry,gry
Rozmawialnik Część 1,Psalm18,gry,gry
Poznaj siebie Karty emocji,zwierciadło,gry,gry
Uważność,NGV,gry,gry
Ilustrowane karty do nauki zachowań społecznych,Paulina Pawłowska,gry,gry
Sensorycznie wszystko gra!,Małgorzata Brańska,gry,gry
Czas z dzieckiem Rozmawialnik,Psalm18,książki,książki
